Council,Acute Diarrhoea (<14 Days),Acute Ear Infection,Acute Flaccid Paralysis,Acute Glumerulonephritis,Animal Bite (Suspected Rabies),Animal Bites (No Suspected Rabies),Anthrax,Birth Asphyxia,Bronchial Asthma,Burn,Cardiac Failure,Cerebral Palsy,Cholera,Chronic Ear Infection,Congenital Disorders,Diabetes Mellitus,Diarrhea Chronic (>= 14 Days),Dysentery,Ectopic Pregnancy,Epilepsy,"Eye Diseases, Non-Infectious",Eye Infection,"Eye Infections, Other",Fractures,"Gastrointestinal Diseases, Other Non-Infectious",Gynaecological Diseases,Hepatitis,Hypertension,Infant of Diabetic Mother,Kwashiorkor,Leprosy,Low Birth Weight And Prematurity Complication,Lymphatic Filariasis,Malaria Severe BS +Ve,Malaria Severe Clinical,Malaria Severe mRDT +ve,Marasmic Kwashiorkor,Marasmus,Measles,Meningitis,Mild/Moderate Anaemia,Moderate Malnutrition,"Neonatal Septicaemia, Infections",Neonatal Tetanus,Neoplasms,Nephorotic Syndrome,Neurosis,Non-Infectious Ear Diseases,Non-Infectious Liver Diseases,"Nutritional Disorders, Other",Osteomyelitis,Other Cardiovascular Diseases,Other Diagnosis,Peptic Ulcers,Plague,"Pneumonia, Non-Severe","Pneumonia, Severe",Poisoning,Psychoses,Rabies / Suspected Rabied Bites,Relapsing Fever (Louse Borne Typhus),Renal Failure,Respiratory System disorders other,Rheumatic Fever,Rheumatoid And Joint Diseases,Road Traffic Accidents,STI Genital Discharge Syndrome (GDS),STI Genital Ulcer Diseases (GUD),STI Pelvic Inflammatory Diseases,Schistosomiasis,Severe Anaemia,"Sexually Transmitted Infection, Other",Sickle Cell Disease,"Skin Diseases, Non-Infectious",Skin Infections,Soil Transmitted Helminths,Substance Abuse,Symptomatic Hiv Infection,Thyroid Diseases,Tuberculosis,Typhoid,Upper Respiratory Infections,Urinary Tract Infections,Viral Haemorrhagic Fevers
Arusha CC,521,17,0,2,0,2,3,665,56,266,23,0,0,1,231,12,74,15,0,34,5,0,4,106,183,36,0,13,0,9,0,919,0,82,27,0,81,29,0,0,151,36,579,1,11,4,0,5,6,8,7,15,3311,31,0,1111,1247,89,21,0,0,2,0,100,0,19,0,0,0,1,111,0,33,7,24,1,0,42,0,42,5,436,163,0
Arusha DC,168,0,0,0,0,0,0,50,20,31,4,0,0,1,12,1,6,4,0,10,3,0,3,15,25,1,0,1,0,22,0,190,0,4,1,0,17,66,0,0,10,33,57,1,5,0,0,0,1,12,4,0,139,1,0,428,698,19,0,0,0,0,0,2,1,8,0,0,0,0,5,0,1,1,11,0,0,14,1,9,0,94,10,0
Karatu DC,125,8,1,1,0,3,0,6,33,34,1,0,0,1,1,1,7,19,0,5,0,0,7,9,223,6,0,2,0,10,0,28,0,42,0,1,2,1,0,0,31,20,42,0,0,1,0,2,9,3,0,2,355,3,0,1192,363,38,0,1,0,0,0,2,2,8,0,0,0,0,37,0,0,6,4,1,0,2,1,6,31,309,54,0
Longido DC,24,1,0,0,0,0,0,0,9,8,0,0,0,0,1,0,5,2,0,5,0,0,2,2,27,1,0,0,0,3,0,1,0,4,1,0,1,3,0,0,4,2,2,0,0,0,0,1,0,0,0,2,20,0,0,106,66,6,0,0,1,0,0,1,0,1,0,0,0,0,0,0,1,0,1,0,0,0,1,1,0,21,8,0
Meru DC,115,6,3,1,0,4,2,27,6,52,0,0,0,0,42,1,7,2,0,4,2,0,2,23,101,0,0,0,0,1,0,62,0,43,0,0,2,0,0,0,3,13,102,0,1,14,0,3,0,1,0,0,226,0,0,556,861,15,0,8,0,3,0,1,0,10,0,0,0,1,3,0,2,4,17,10,0,4,0,4,1,80,74,0
Monduli DC,197,14,6,0,0,4,1,21,7,28,0,0,0,1,0,2,14,12,0,6,0,0,11,10,43,14,0,0,0,0,0,13,0,28,0,0,10,11,0,0,59,25,67,0,0,1,0,0,1,9,0,7,89,0,0,359,456,8,5,0,0,0,0,7,0,11,0,0,0,0,27,0,2,6,4,0,0,19,0,18,3,52,60,0
Ngorongoro DC,344,7,0,1,0,2,13,8,3,44,8,0,0,4,9,2,7,10,0,1,1,0,28,15,25,0,0,3,0,8,0,12,0,35,6,0,62,18,0,0,214,15,17,0,0,6,0,0,1,10,1,5,403,1,0,677,400,18,0,4,0,0,0,0,2,3,0,0,0,0,33,0,0,2,8,7,0,7,0,45,30,64,58,0
Ilala MC,1044,15,0,1,0,4,0,1058,179,52,17,0,0,6,19,21,194,11,0,45,0,0,0,3,106,206,0,6,0,57,0,743,0,1605,303,0,160,75,0,0,241,86,1544,1,2,14,0,2,3,4,0,10,1794,25,0,904,995,25,0,1,0,0,0,12,1,0,0,0,0,4,621,0,105,2,10,2,0,40,0,24,2,301,206,0
Kigamboni MC,188,1,0,0,0,0,0,0,1,46,1,0,0,0,1,3,4,6,0,5,0,0,0,0,1,0,0,0,0,0,0,0,0,314,40,0,21,1,0,0,15,2,1,0,0,1,0,1,31,0,0,0,95,11,0,66,213,23,0,0,0,0,0,0,0,6,0,0,0,0,44,0,12,0,0,0,0,5,88,4,13,44,163,0
Kinondoni MC,646,18,6,1,0,6,0,746,134,233,40,0,0,20,11,26,72,29,0,15,23,0,4,39,72,47,0,11,0,18,0,351,0,1116,355,0,94,13,0,0,214,54,1384,2,2,12,0,7,1,28,4,27,417,8,0,481,692,73,0,2,0,1,0,24,4,44,0,0,0,0,189,0,45,11,5,0,0,50,10,32,60,552,285,9
Temeke MC,1070,7,1,0,0,0,0,1358,125,191,9,0,0,4,45,31,45,21,0,18,2,0,1,114,42,20,0,17,0,11,0,136,0,2190,271,0,13,2,0,0,484,237,981,1,1,1,0,1,0,1,1,4,1165,2,0,1146,969,11,1,2,0,3,0,10,0,0,0,0,0,0,498,9,115,1,5,0,0,82,14,95,6,207,497,0
Ubungo MC,309,0,0,5,0,2,0,1,53,23,0,0,0,1,0,4,33,43,0,4,5,0,0,20,96,9,0,11,0,0,0,7,0,582,41,0,2,1,0,0,39,3,9,3,0,0,0,1,2,0,0,7,166,0,0,161,64,19,2,1,0,0,0,6,0,23,0,0,0,0,11,0,7,3,2,0,0,2,0,12,21,240,119,0
Bahi DC,114,0,0,1,0,0,0,4,27,4,0,0,0,0,3,0,52,16,0,0,0,0,0,1,28,1,0,0,0,2,0,8,0,217,139,0,2,3,0,0,23,8,7,0,0,5,0,0,2,3,0,0,115,0,0,324,59,3,0,2,1,0,0,3,0,0,0,0,0,12,9,0,1,0,0,0,0,0,0,1,1,25,22,0
Chamwino DC,259,1,0,0,0,1,0,4,11,19,1,0,0,0,0,6,24,12,0,7,14,0,10,8,29,44,0,1,0,11,0,59,0,617,165,51,24,17,0,0,27,7,23,0,0,1,0,0,11,1,0,37,280,17,0,299,302,6,0,0,8,0,0,5,1,1,0,0,0,18,146,9,7,2,8,0,0,0,16,27,30,103,96,0
Chemba DC,60,7,0,0,0,0,0,0,0,4,0,0,0,0,0,0,5,1,0,0,0,0,0,1,3,0,0,0,0,1,0,1,0,36,1,0,2,0,0,0,0,0,0,0,0,0,0,0,0,0,0,0,23,0,0,93,89,1,0,5,0,0,0,3,0,0,0,0,0,0,1,0,0,0,0,0,0,0,0,0,0,6,4,0
Dodoma MC,466,15,0,4,0,113,0,182,51,155,36,0,0,3,63,15,12,32,0,15,26,0,10,123,246,6,0,14,0,30,0,352,1,480,182,3,15,39,0,0,127,75,808,1,5,21,0,3,11,35,4,15,1233,4,0,560,339,65,1,1,24,10,0,88,5,68,0,0,0,0,206,0,118,44,47,47,0,56,2,10,116,346,176,10
Kondoa DC,2,0,0,0,0,0,0,0,0,1,0,0,0,0,0,0,0,0,0,0,0,0,0,0,0,0,0,0,0,0,0,0,0,16,2,0,0,0,0,0,2,0,0,0,0,0,0,0,0,0,0,0,1,0,0,9,23,0,0,0,0,0,0,0,0,1,0,0,0,0,2,0,0,0,0,0,0,0,0,0,0,10,0,0
Kondoa TC,215,0,1,1,0,0,1,0,9,9,2,0,0,0,1,5,17,9,0,5,0,0,0,13,1,0,0,2,0,7,0,0,0,45,56,0,1,26,0,0,21,1,1,0,1,1,0,2,2,0,1,2,84,5,0,211,59,13,0,1,0,0,0,0,0,26,0,0,0,0,55,1,1,0,6,1,0,1,1,2,36,25,99,0
Kongwa DC,279,4,45,11,0,2,0,40,4,28,0,0,0,0,1,1,15,6,0,3,3,0,0,32,11,8,0,4,0,8,0,100,0,307,207,59,11,12,0,0,123,12,30,0,0,5,0,0,0,0,1,0,199,1,0,569,131,22,0,0,0,3,0,10,2,8,0,0,0,4,123,0,10,0,3,3,0,8,22,1,25,36,122,0
Mpwapwa DC,314,5,0,0,0,4,1,113,12,30,0,0,0,0,0,0,0,5,0,2,1,0,0,11,32,19,0,0,0,4,0,187,0,358,76,18,4,9,0,0,107,7,14,0,0,0,0,0,0,3,0,1,217,0,0,277,431,24,1,0,0,0,0,10,1,2,0,0,0,3,135,0,10,1,18,63,0,5,0,0,0,114,47,0
Bukombe DC,141,0,0,0,0,2,0,0,3,22,2,0,0,1,0,2,161,3,0,1,0,0,0,9,1,2,0,0,0,1,0,0,0,1026,245,0,0,6,0,0,319,3,0,0,0,0,0,0,0,0,1,0,1,0,0,132,54,4,0,0,0,0,0,0,0,5,0,0,0,0,684,0,4,0,1,0,0,6,0,4,0,22,29,0
Chato DC,288,0,0,0,0,1,0,26,12,23,0,0,0,0,0,1,53,0,0,1,0,0,0,0,14,2,0,0,0,1,0,69,0,1021,285,0,5,2,0,0,122,10,16,0,0,0,0,0,2,0,1,1,143,0,0,169,56,29,88,0,0,0,0,0,0,20,0,0,0,6,234,1,5,0,29,0,0,0,0,0,52,23,135,0
Geita DC,199,7,0,0,0,0,0,13,3,20,0,0,0,0,0,3,47,3,0,0,0,0,0,0,0,0,0,3,0,15,0,0,0,1063,482,0,6,12,0,0,85,7,9,2,0,0,0,0,1,0,0,5,8,0,0,239,85,2,0,0,0,0,0,0,0,36,0,0,0,14,38,11,2,0,12,69,0,3,0,0,10,36,158,0
Geita TC,266,19,0,0,0,0,0,0,0,43,0,0,0,0,2,0,30,3,0,2,0,0,9,4,3,0,0,0,0,42,0,2,0,1891,693,0,22,20,0,0,506,27,1,0,0,4,0,0,0,6,1,1,49,3,0,248,174,7,3,1,0,0,0,0,0,19,0,0,0,1,709,0,10,0,0,9,0,15,0,2,33,86,157,0
Mbogwe DC,75,0,0,0,0,0,0,0,0,7,1,0,0,0,0,0,6,2,0,0,0,0,1,0,3,0,0,0,0,1,0,0,0,362,61,0,0,1,0,0,40,0,0,0,0,0,0,0,0,0,0,0,8,0,0,83,43,2,0,0,0,0,0,0,0,0,0,0,0,7,17,0,0,0,0,0,0,0,0,0,0,29,23,0
Nyang'hwale DC,125,5,0,0,0,0,0,0,6,2,0,0,0,0,0,0,2,3,0,0,1,0,4,0,12,0,0,1,0,0,0,1,0,485,110,0,0,0,0,0,67,6,3,0,0,0,0,0,0,0,0,0,0,0,0,117,37,0,0,0,0,0,0,0,0,3,0,0,0,0,73,0,6,0,3,0,0,5,0,1,19,66,171,0
Iringa DC,419,4,0,0,0,2,0,5,23,32,18,0,0,0,0,4,42,13,0,6,8,0,16,25,62,0,0,11,0,44,0,11,1,404,133,0,46,72,0,0,44,58,56,0,1,1,0,2,4,14,4,12,383,9,0,372,212,16,10,3,0,0,0,34,0,7,0,0,0,0,39,0,14,5,32,0,0,15,1,21,2,140,116,0
Iringa MC,209,204,0,0,0,70,0,479,99,97,49,0,0,118,0,122,98,108,0,28,175,0,151,83,67,35,0,0,0,165,0,312,25,72,150,0,155,134,0,0,106,76,71,199,2,0,0,49,0,89,6,28,442,5,0,250,229,22,7,66,0,36,0,0,0,65,0,0,0,0,135,62,63,161,170,19,0,100,0,57,25,114,212,0
Kilolo DC,109,1,1,0,0,0,0,2,7,13,0,0,0,0,0,0,28,14,0,2,0,0,0,0,126,0,0,0,0,4,0,1,0,234,310,0,25,7,0,0,45,16,20,0,0,1,0,0,11,2,0,1,113,6,0,211,116,4,0,1,13,0,0,2,0,5,0,0,0,38,29,0,0,1,4,0,0,18,0,2,0,14,95,0
Mafinga TC,113,5,0,0,0,1,0,32,25,53,0,0,0,2,0,0,16,10,0,3,0,0,1,10,38,0,0,7,0,0,0,172,0,52,89,0,45,1,0,0,5,21,0,0,0,5,0,0,0,0,0,6,75,0,0,141,199,8,1,2,1,0,0,7,0,20,0,0,0,35,42,0,1,1,6,0,0,0,0,2,0,59,50,0
Mufindi DC,186,2,0,2,0,0,0,2,4,34,0,0,0,0,2,0,17,6,0,9,1,0,0,10,36,0,0,0,0,70,0,24,0,69,54,3,12,15,0,0,9,11,2,0,0,1,0,0,14,8,0,2,182,3,1,550,168,13,0,1,0,0,0,5,0,5,0,0,0,0,5,0,1,1,1,1,0,3,1,0,10,51,21,0
Biharamulo DC,524,0,1,0,0,1,0,19,7,70,3,0,0,0,6,4,0,6,0,2,1,0,3,24,0,0,0,0,0,7,0,60,0,2222,20,0,2,1,0,0,267,75,53,0,0,0,0,0,0,8,3,0,77,10,0,531,253,9,0,1,0,1,0,0,0,2,0,0,0,0,399,0,36,10,3,0,0,5,0,0,8,113,507,0
Bukoba DC,261,6,0,0,0,2,0,1,2,9,0,0,0,1,0,2,36,1,0,8,8,0,15,2,132,0,0,3,0,1,0,2,0,2827,49,0,2,1,0,0,87,19,6,0,0,6,0,2,3,6,0,0,86,8,0,259,90,7,3,3,0,2,0,5,0,14,0,0,0,0,127,1,1,0,8,22,0,2,0,0,28,146,167,0
Bukoba MC,222,3,0,0,0,1,0,10,14,37,1,0,0,0,1,269,55,9,0,6,0,0,2,18,76,0,0,20,0,17,0,24,1,856,566,0,10,11,0,0,4,23,80,0,3,1,0,0,1,0,0,3,73,0,0,123,312,19,1,2,0,1,0,2,0,28,0,0,0,0,124,0,13,4,14,29,0,121,1,18,10,144,337,0
Karagwe DC,530,20,0,0,0,26,0,8,18,12,9,0,0,0,0,3,44,10,0,1,80,0,82,9,33,2,0,5,0,7,0,98,5,1659,539,0,2,7,0,0,579,42,70,0,0,5,0,12,0,10,0,0,681,2,0,960,495,26,5,1,0,0,0,10,3,49,0,0,0,1,116,0,12,27,227,71,0,11,0,4,3,334,728,0
Kyerwa DC,489,6,0,2,0,3,0,30,15,14,0,0,0,0,0,0,7,11,0,5,0,0,1,2,21,1,0,0,0,5,0,34,0,2042,62,0,1,4,0,0,69,4,76,0,1,0,0,1,1,1,0,0,178,4,0,627,354,35,2,2,0,0,0,37,0,12,0,0,0,0,102,1,1,6,12,31,0,19,0,0,4,178,147,7
Missenyi DC,314,2,0,0,0,2,0,24,22,34,0,0,0,0,5,2,9,4,0,1,17,0,8,3,110,0,0,4,0,4,0,73,0,3335,78,13,5,5,0,0,229,16,19,0,2,7,0,2,3,6,2,6,196,18,0,279,278,14,0,0,0,0,0,20,0,15,0,0,0,0,367,10,28,2,4,76,0,4,0,5,32,145,257,0
Muleba DC,1021,10,0,0,0,1,0,25,22,28,8,0,0,0,7,0,55,21,0,12,13,0,7,15,103,1,0,5,0,93,0,136,0,2373,25,0,27,58,0,0,381,24,70,0,1,23,0,1,0,1,17,2,584,6,0,674,419,14,1,0,0,0,0,2,6,39,0,0,0,1,224,1,9,3,13,36,0,10,0,2,39,362,458,0
Ngara DC,1108,17,1,1,0,6,0,7,42,34,1,0,0,25,1,0,423,258,0,26,16,0,39,13,651,0,0,0,0,31,0,2,0,4415,159,0,42,9,0,0,246,112,23,5,0,1,0,22,3,44,0,1,1008,6,0,1328,788,14,0,8,13,0,0,2,0,29,0,0,0,0,319,4,27,17,64,10,0,8,0,16,2,1052,1045,0
Mlele DC,10,7,0,0,0,0,0,0,0,0,0,0,0,0,0,0,30,0,0,0,0,0,42,0,0,0,0,0,0,0,0,0,0,126,16,0,0,0,0,0,30,0,0,0,0,0,0,40,0,0,0,0,11,0,0,11,20,0,0,0,0,0,0,0,0,0,0,0,0,0,54,0,0,5,0,0,0,0,0,0,4,30,11,0
Mpanda DC,48,0,0,0,0,0,0,0,8,5,0,0,0,0,0,0,0,3,0,0,0,0,0,0,1,0,0,0,0,0,0,1,0,255,22,0,2,5,0,0,29,0,0,0,0,0,0,0,0,0,0,0,7,0,0,61,14,2,0,0,0,0,0,0,0,6,0,0,0,0,3,0,0,1,1,0,0,0,0,0,1,11,3,0
Mpanda TC,396,0,0,0,0,0,0,11,19,57,1,0,0,0,1,3,6,17,0,0,0,0,0,23,9,0,0,0,0,34,0,11,0,1994,516,66,23,47,0,0,1207,54,0,0,0,4,0,0,0,0,7,0,183,0,0,371,342,15,1,4,0,0,0,0,0,7,0,0,0,1,1572,0,13,0,1,0,0,1,0,0,34,4,246,0
Mpimbwe DC,45,2,0,0,0,0,0,0,0,5,0,0,0,8,0,0,5,0,0,0,1,0,0,5,0,1,0,0,0,5,0,0,0,95,23,0,0,0,0,0,24,0,2,0,0,0,0,2,0,0,0,0,25,0,0,22,12,0,0,0,0,0,0,0,0,3,0,0,0,8,44,0,1,0,4,0,0,0,0,0,2,0,5,0
Nsimbo DC,45,0,0,0,0,0,0,0,0,2,0,0,0,0,0,0,20,0,0,0,6,0,4,0,9,0,0,0,0,0,0,0,0,450,10,0,0,0,0,0,40,3,1,0,0,0,0,1,0,0,0,0,22,0,0,67,0,1,0,0,0,0,0,0,0,4,0,0,0,0,6,0,0,2,2,1,0,1,0,0,0,2,20,0
Buhigwe DC,160,6,0,0,0,4,0,5,3,9,1,0,0,0,0,0,10,2,0,0,4,0,1,5,11,0,0,0,0,3,0,0,0,1272,12,0,0,1,0,0,229,15,2,1,0,0,0,1,0,1,1,0,160,0,0,180,95,8,2,0,0,0,0,0,0,3,0,0,0,3,221,0,25,9,6,154,0,0,4,0,1,110,262,0
Kakonko DC,77,0,0,0,0,0,0,0,0,9,0,0,0,0,0,0,16,7,0,0,0,0,0,4,15,0,0,0,0,3,0,0,0,357,146,22,1,2,0,0,39,1,0,0,0,0,0,0,1,0,1,0,107,4,0,107,45,1,0,3,0,0,0,21,0,10,0,0,0,0,36,0,2,5,0,0,0,0,0,0,7,83,60,0
Kasulu DC,204,2,0,0,0,5,0,20,4,13,0,0,0,0,0,0,3,9,0,3,0,0,1,8,10,0,0,0,0,15,0,27,0,1122,427,0,0,20,0,0,10,9,18,0,0,0,0,1,0,2,1,0,179,0,0,185,83,2,0,0,0,0,0,0,2,3,0,0,0,1,115,0,24,10,9,12,0,0,0,1,1,88,241,0
Kasulu TC,514,1,0,0,0,10,0,55,16,30,0,0,0,1,6,6,78,15,0,2,4,0,22,37,2,26,0,2,0,15,0,145,1,1461,515,0,19,38,0,0,241,10,94,1,0,0,0,2,18,7,2,3,348,6,0,290,372,12,7,0,0,0,0,8,0,24,0,0,0,2,565,0,49,1,1,24,0,4,7,6,2,108,324,0
Kibondo DC,704,4,0,0,0,1,0,9,5,7,3,0,0,0,1,0,29,2,0,1,1,0,0,14,87,3,0,0,0,8,0,46,0,1164,285,0,5,2,0,0,112,4,5,0,0,24,0,0,18,0,1,13,289,0,0,143,73,7,0,0,4,1,0,4,0,19,0,0,0,35,172,0,13,0,1,0,0,6,0,0,0,14,111,0
Kigoma DC,787,53,0,0,0,9,0,8,36,16,11,0,0,33,3,5,19,3,0,6,7,0,14,28,45,0,0,0,0,30,0,41,10,1014,51,28,19,22,0,0,230,37,11,0,0,15,0,3,31,0,4,12,370,0,2,304,204,1,1,1,0,0,0,9,5,38,0,0,0,11,88,2,71,1,48,102,0,8,6,18,0,119,276,0
Kigoma MC,249,0,0,0,0,2,0,39,37,27,3,0,0,1,4,7,58,6,0,0,1,0,3,18,47,0,0,1,0,9,0,5,0,2879,732,0,19,10,0,0,241,22,443,1,0,0,0,0,27,4,3,29,249,1,0,637,240,34,1,0,0,1,0,10,0,12,0,0,0,5,251,0,41,2,12,1,0,14,0,23,19,46,106,0
Uvinza DC,113,0,1,0,0,0,0,5,6,11,0,0,0,0,0,1,20,4,0,0,2,0,2,1,31,22,0,1,0,6,0,6,0,364,486,0,6,7,0,0,52,1,50,0,0,0,0,1,10,0,0,19,81,2,0,104,28,14,1,1,1,0,0,0,5,44,0,0,0,36,196,0,13,0,0,3,0,15,4,0,23,55,120,0
Hai DC,184,8,0,2,0,0,2,0,70,101,1,0,0,0,0,38,1,0,0,3,0,0,55,95,16,21,0,1,0,9,0,0,0,81,8,0,37,8,0,0,61,23,284,0,0,0,0,0,0,1,8,0,105,0,0,487,460,11,0,0,0,5,0,0,0,22,0,0,0,2,10,0,1,8,7,0,0,38,0,7,0,78,139,0
Moshi DC,192,18,73,2,0,1,0,9,29,41,0,0,0,1,3,0,19,4,0,8,19,0,2,24,185,6,0,0,0,3,0,5,0,75,1,0,5,5,0,0,16,13,44,0,1,2,0,18,5,10,2,0,351,18,0,680,220,34,0,1,0,1,0,21,0,33,0,0,0,0,4,0,0,38,47,20,0,29,0,8,4,283,192,0
Moshi MC,916,229,1,14,0,6,0,7,76,160,6,0,0,80,2,34,32,198,0,155,123,0,222,52,170,0,0,2,0,60,0,85,0,322,89,0,113,6,0,0,612,185,339,0,2,11,0,168,1,119,12,28,2061,15,0,1507,691,82,44,1,0,0,0,6,109,49,0,0,0,0,164,0,43,64,143,71,0,19,1,27,2,857,930,0
Mwanga DC,86,15,0,0,0,1,0,2,7,25,0,0,0,0,0,3,9,2,0,3,3,0,3,5,29,0,0,2,0,1,0,4,0,63,13,0,2,1,0,0,17,7,50,1,0,2,0,0,2,2,0,24,110,7,0,376,112,15,0,0,0,1,0,21,1,1,0,0,0,0,5,0,0,1,8,7,0,18,1,3,0,75,86,0
Rombo DC,126,7,0,0,0,2,1,2,17,77,0,0,0,0,8,0,8,6,0,14,1,0,0,65,79,0,0,7,0,2,0,11,0,18,10,0,1,5,0,0,23,9,105,0,1,0,0,2,2,0,4,3,432,0,0,1879,1033,44,0,3,0,0,0,8,1,13,0,0,0,1,4,0,0,11,32,3,0,1,0,11,2,97,566,0
Same DC,311,5,0,0,0,6,0,1,30,26,1,0,0,1,0,1,8,1,0,2,3,0,3,12,10,0,0,0,0,0,0,0,0,99,3,0,1,0,0,0,33,11,53,0,0,4,0,0,1,0,0,2,130,8,0,734,236,19,1,1,0,0,0,3,0,29,0,0,0,1,21,0,1,2,5,2,0,1,0,0,0,328,171,1
Siha DC,117,6,0,0,0,1,2,19,19,21,0,0,0,4,0,3,0,10,0,6,0,0,11,9,16,8,0,4,0,3,0,27,0,16,8,0,3,2,0,0,15,3,43,0,1,2,0,6,1,1,0,6,194,7,0,567,264,19,2,1,0,2,0,5,0,5,0,0,0,0,2,8,0,2,23,0,0,1,7,2,0,231,46,0
Kilwa DC,292,3,0,1,0,18,0,22,18,29,5,0,0,0,1,2,26,78,0,6,1,0,14,42,40,0,0,28,0,2,0,6,0,1105,312,0,3,28,0,0,154,54,6,1,0,3,0,4,0,2,3,0,158,3,0,187,206,18,0,5,0,0,0,0,0,68,0,0,0,1,356,0,3,0,10,19,0,40,0,0,73,30,154,1
Lindi DC,181,0,26,1,0,0,0,73,16,26,0,0,0,1,0,0,41,6,0,2,0,0,2,44,8,1,0,3,0,2,0,34,0,1312,386,1,4,79,0,0,85,8,89,0,0,0,0,0,1,6,2,1,205,0,0,284,146,14,0,2,0,0,0,3,0,3,0,0,0,1,112,0,0,3,4,0,0,1,0,1,14,72,36,0
Lindi MC,50,0,0,0,0,6,0,171,12,12,0,0,0,0,5,0,22,0,0,0,0,0,1,18,1,0,0,0,0,8,0,209,0,224,252,0,4,4,0,0,68,2,260,0,0,3,0,1,0,0,0,0,73,0,0,70,45,12,0,0,0,2,0,0,0,9,0,0,0,0,87,0,1,0,9,0,0,2,0,1,0,1,31,0
Liwale DC,34,0,0,0,0,0,0,0,5,2,0,0,0,0,0,0,1,0,0,0,0,0,6,2,8,0,0,0,0,0,0,0,0,309,11,0,1,0,0,0,36,2,0,0,0,5,0,0,0,0,0,0,53,0,0,47,22,3,0,1,0,0,0,0,0,0,0,0,0,2,81,1,2,0,3,0,0,1,1,0,0,2,28,11
Nachingwea DC,81,0,0,0,0,0,0,0,5,8,0,0,0,0,1,5,11,7,0,1,0,0,1,6,31,1,0,0,0,4,0,0,0,1284,212,0,1,13,0,0,57,9,0,0,0,0,0,0,0,0,0,0,44,0,0,242,129,2,1,0,0,0,0,0,0,6,0,0,0,0,98,0,0,0,0,0,0,0,0,3,0,0,10,0
Ruangwa DC,62,0,0,0,0,0,0,40,3,22,0,0,0,0,0,0,11,2,0,0,0,0,0,0,20,0,0,0,0,0,0,38,0,704,308,0,0,2,0,0,57,6,18,0,0,0,0,0,2,2,0,0,27,0,0,168,49,2,0,0,0,1,0,0,0,0,0,0,0,2,56,0,0,0,1,0,0,2,0,0,0,2,6,0
Babati DC,728,5,0,0,0,5,0,4,11,32,0,0,0,3,0,3,6,16,0,7,4,0,2,6,163,1,0,5,0,4,0,9,0,331,351,0,27,13,0,0,5,5,46,0,0,4,0,0,5,0,0,4,323,2,0,1004,1051,36,1,2,0,0,0,4,0,9,0,0,0,4,16,0,0,5,43,8,0,4,0,4,33,121,40,6
Babati TC,70,1,0,0,0,1,0,0,22,26,0,0,0,1,0,0,2,2,0,2,0,0,7,3,211,0,0,0,0,1,0,0,0,143,219,0,6,5,0,0,11,4,1,0,0,1,0,0,1,1,0,1,76,1,0,312,276,26,0,0,0,0,0,0,1,7,0,0,0,0,34,0,0,1,6,3,0,0,1,3,1,34,72,0
Hanang DC,507,3,0,2,0,7,0,3,15,26,0,0,0,0,0,0,10,45,0,2,1,0,1,2,8,2,0,0,0,10,0,0,0,34,79,0,11,4,0,0,10,4,31,0,0,0,0,3,1,0,1,0,267,4,0,632,780,21,1,8,0,0,0,1,0,6,0,0,0,0,8,0,0,3,11,0,0,1,0,2,0,35,82,8
Kiteto DC,64,1,0,0,0,5,0,1,0,12,0,0,0,0,0,0,5,4,0,0,0,0,0,4,0,0,0,0,0,9,0,1,0,315,124,0,7,1,0,0,55,7,3,0,0,4,0,0,2,0,0,0,2,0,0,341,179,8,0,3,0,0,0,0,0,7,0,0,0,0,21,0,0,0,0,1,0,0,0,3,56,1,77,0
Mbulu DC,450,32,0,18,0,2,0,88,64,41,22,0,0,7,82,7,101,9,0,24,27,0,23,49,187,42,0,7,0,79,0,97,0,149,232,0,61,54,0,0,61,39,73,0,0,26,0,1,7,23,26,23,2080,8,0,1090,662,28,0,2,0,0,0,70,27,8,0,0,0,0,74,56,36,40,56,0,0,6,0,65,21,153,132,0
Mbulu TC,57,0,0,1,0,0,0,0,7,11,8,0,0,0,1,2,1,19,0,3,0,0,0,5,73,0,0,0,0,17,0,0,0,114,222,8,21,4,0,0,8,6,14,0,0,6,0,0,0,9,0,1,192,0,0,325,319,10,0,0,0,0,0,0,0,13,0,0,0,0,7,0,0,0,0,0,0,12,0,6,6,10,35,0
Simanjiro DC,207,5,0,0,0,4,0,6,7,23,0,0,0,10,1,0,29,7,0,2,2,0,7,1,24,2,0,3,0,0,0,6,0,35,93,0,1,1,0,0,27,6,37,0,0,1,0,0,0,0,2,0,300,0,0,493,330,20,0,3,2,0,0,0,0,10,0,0,0,3,26,1,1,0,5,3,0,17,0,12,9,61,15,0
Bunda DC,283,2,0,0,0,0,0,12,5,9,4,0,0,0,11,1,37,19,0,0,6,0,0,5,41,5,0,4,0,23,0,138,0,1114,377,0,19,16,0,0,347,28,16,0,0,2,0,1,0,21,0,1,117,2,0,191,54,4,2,4,0,0,0,5,0,32,0,0,0,25,384,4,13,3,15,31,0,13,0,1,47,66,200,0
Bunda TC,783,0,1,0,0,7,0,0,5,27,3,0,0,0,1,4,9,11,0,0,0,0,0,7,74,0,0,8,0,4,0,0,0,2880,1255,0,17,35,0,0,810,6,0,0,0,0,0,1,0,3,2,0,649,12,0,557,558,16,2,2,0,0,0,0,0,23,0,0,0,19,844,0,24,0,2,16,0,38,2,8,0,113,345,0
Butiama DC,67,0,0,0,0,2,0,0,22,11,0,0,0,0,1,3,13,1,0,0,0,0,0,1,0,6,0,0,0,8,0,0,0,871,448,0,4,5,0,0,91,1,1,0,0,1,0,0,34,0,0,11,4,1,0,92,52,4,0,1,0,0,0,0,0,1,0,0,0,0,368,0,37,0,0,0,0,5,1,0,3,19,96,0
Musoma DC,52,0,0,0,0,2,0,2,21,1,0,0,0,0,0,1,5,18,0,0,1,0,0,0,5,0,0,1,0,1,0,6,0,235,55,12,0,11,0,0,5,3,3,0,0,0,0,1,7,0,0,2,12,10,0,4,29,0,0,0,0,1,0,1,2,1,0,0,0,0,7,0,12,0,0,0,0,0,0,0,0,8,5,0
Musoma MC,170,5,0,2,0,0,0,17,2,38,0,0,0,4,5,0,26,19,0,1,3,0,1,5,37,0,0,0,0,4,0,14,0,1956,291,36,5,2,0,0,174,17,39,0,0,3,0,3,8,1,0,21,137,10,0,169,25,12,0,3,0,0,0,11,8,18,0,0,0,2,49,0,28,15,0,16,0,11,6,20,6,22,205,0
Rorya DC,428,15,0,0,0,1,0,4,26,20,5,0,0,3,16,0,51,54,0,0,0,0,1,5,22,34,0,1,0,12,0,6,24,2014,517,0,2,34,0,0,356,74,8,0,0,7,0,0,35,38,1,5,993,4,0,307,145,11,0,7,0,0,0,3,3,29,0,0,0,30,266,0,41,4,15,66,0,20,24,19,64,101,523,0
Serengeti DC,101,5,1,2,0,1,0,0,8,20,1,0,0,0,0,5,81,2,0,0,1,0,3,3,47,0,0,0,0,20,0,4,0,1448,554,0,10,20,0,0,301,7,13,0,0,0,0,0,4,1,0,11,117,0,0,207,146,18,7,0,0,0,0,0,0,7,0,0,0,84,509,1,26,0,0,2,0,3,1,0,3,33,691,0
Tarime DC,613,14,0,0,0,2,0,2,101,45,1,0,0,1,1,0,89,10,0,2,2,0,1,2,34,0,0,0,0,27,0,11,0,1916,694,0,6,19,0,0,371,58,15,0,1,0,0,2,2,16,7,0,88,0,0,337,289,8,0,0,20,0,0,3,0,39,0,0,0,0,125,0,13,0,6,25,0,0,0,1,16,131,635,0
Tarime TC,259,1,0,0,0,1,0,115,7,23,1,0,0,0,0,5,2,7,0,6,1,0,54,0,8,0,0,1,0,16,0,172,0,3291,36,0,18,14,0,0,154,10,16,0,0,1,0,0,0,0,1,0,113,5,0,117,205,12,0,7,0,1,0,1,0,10,0,0,0,1,416,19,19,2,0,0,0,1,0,1,191,18,271,2
Busokelo DC,50,0,0,1,0,0,0,0,3,12,0,0,0,0,0,0,3,5,0,2,0,0,0,5,23,0,0,1,0,0,0,3,0,389,35,0,3,0,0,0,29,17,42,0,0,1,0,0,1,0,1,4,73,2,0,150,32,5,5,2,1,0,0,0,0,4,0,0,0,7,23,0,0,3,3,0,0,21,0,2,0,28,60,1
Chunya DC,93,0,0,0,0,3,0,22,7,18,0,0,0,0,0,3,18,3,0,0,1,0,6,25,35,4,0,0,0,9,0,6,0,253,2,0,1,2,0,0,13,8,10,0,0,0,0,3,2,2,2,0,34,0,0,163,22,17,2,5,0,0,0,0,1,14,0,0,0,0,5,0,1,5,9,5,0,0,0,7,27,14,24,0
Kyela DC,404,6,0,0,0,0,0,28,18,57,0,0,0,3,2,0,1,8,0,11,2,0,4,19,132,0,0,0,0,4,0,85,0,1509,84,0,7,14,0,0,152,14,103,1,0,1,0,4,0,3,0,0,134,4,0,193,273,7,2,0,0,0,0,11,0,22,0,0,0,0,214,0,5,1,13,39,0,39,0,0,48,146,112,0
Mbarali DC,808,7,1,0,0,10,0,11,8,96,2,0,0,9,8,4,4,81,0,12,12,0,23,44,118,11,0,0,0,101,0,16,0,216,212,0,44,71,0,0,72,58,145,0,0,5,0,0,3,14,0,1,303,9,0,1419,194,32,0,12,0,3,0,2,2,53,0,0,0,0,47,0,8,13,65,20,0,67,9,7,12,105,77,0
Mbeya CC,160,1,0,1,0,0,0,1,5,8,4,0,0,0,0,13,1,57,0,0,0,0,0,25,80,17,0,4,0,0,0,1,0,210,149,0,0,1,0,0,4,1,1,0,0,0,0,0,0,0,0,0,57,0,0,210,63,2,0,0,0,0,0,4,0,3,0,0,0,0,1,1,2,0,3,0,0,0,0,0,7,85,73,0
Mbeya DC,460,4,0,0,0,10,0,61,13,73,2,0,0,0,1,1,24,24,0,17,2,0,3,35,152,0,0,2,0,7,0,176,0,267,30,0,18,6,0,0,41,32,41,0,0,0,0,1,1,1,2,2,295,2,0,940,520,14,2,2,0,0,0,0,1,18,0,0,0,0,46,0,0,2,11,0,0,9,0,11,32,120,119,0
Rungwe DC,337,6,0,2,0,1,0,70,31,38,1,0,0,1,5,5,35,36,0,22,0,0,2,29,128,0,0,3,0,14,0,43,0,1371,169,0,19,45,0,0,54,46,58,0,0,2,0,0,0,8,0,0,359,4,0,788,492,16,2,1,0,1,0,23,0,23,0,0,0,3,29,2,1,9,31,2,0,7,0,14,68,290,324,0
Gairo DC,85,0,0,0,0,4,0,7,2,10,1,0,0,1,2,0,6,0,0,0,1,0,1,0,4,5,0,0,0,2,0,2,0,53,123,0,11,1,0,0,19,13,24,5,0,0,0,0,1,0,1,3,16,0,0,78,54,8,1,0,0,0,0,0,0,2,0,0,0,0,20,0,1,0,0,0,0,5,2,1,1,13,30,0
Ifakara TC,117,0,0,25,0,0,0,123,11,30,0,0,0,0,13,0,14,9,0,0,0,0,0,28,44,0,0,1,0,14,0,50,0,700,227,0,4,4,0,0,24,2,113,0,0,7,0,0,9,2,0,0,43,15,0,100,156,8,1,9,0,6,0,0,0,5,0,0,0,1,129,0,51,0,0,1,0,50,15,0,19,4,37,0
Kilombero DC,98,0,0,0,0,8,0,6,7,28,0,0,0,0,0,6,15,16,0,1,0,0,0,1,40,0,0,0,0,0,0,30,0,545,298,0,1,3,0,0,31,0,32,0,0,12,0,1,0,0,0,8,178,2,0,194,77,6,0,7,0,0,0,0,0,11,0,0,0,9,12,0,3,0,1,1,0,16,0,1,5,31,65,0
Kilosa DC,938,3,0,2,0,7,0,47,142,82,2,0,0,1,4,10,149,78,0,0,6,0,9,50,167,18,0,8,0,7,0,24,0,3626,778,65,16,9,0,0,205,17,152,0,0,10,0,0,127,16,0,31,765,9,0,749,581,32,10,2,2,0,0,58,0,99,0,0,0,12,468,3,40,1,17,19,0,35,4,13,83,217,599,7
Malinyi DC,97,0,0,0,0,3,0,0,39,13,0,0,0,0,3,2,17,10,0,1,0,0,0,9,81,0,0,0,0,19,0,0,0,1035,360,0,11,13,0,0,356,12,2,0,0,5,0,0,4,3,0,0,140,5,0,452,379,8,0,0,0,1,0,0,0,1,0,0,0,0,309,0,24,0,1,0,0,19,3,4,24,3,216,0
Morogoro DC,100,0,1,0,0,2,0,5,57,10,1,0,0,0,0,1,7,4,0,3,0,0,0,1,6,0,0,1,0,7,0,3,0,740,278,0,5,1,0,0,89,0,47,0,0,1,0,0,1,0,1,3,56,2,0,154,62,3,1,0,1,0,0,5,0,8,0,0,0,7,92,0,2,0,4,2,0,6,0,1,9,14,41,0
Morogoro MC,1174,0,2,8,0,5,0,312,186,95,9,0,0,2,47,14,3,26,0,54,7,0,1,145,74,41,0,30,0,266,0,649,0,4241,183,0,86,46,0,0,619,188,1483,0,7,27,0,1,12,10,6,20,592,9,0,753,942,87,1,3,0,1,0,28,2,6,0,0,0,0,759,3,96,56,141,20,0,132,14,69,487,97,951,0
Mvomero DC,408,34,0,12,0,7,0,10,108,63,2,0,0,4,9,0,10,55,0,1,10,0,7,29,63,1,0,3,0,25,0,13,0,2915,1083,0,17,23,0,0,358,21,117,0,9,12,0,13,4,4,3,29,296,5,0,958,712,22,1,0,2,0,0,24,10,35,0,0,0,13,280,0,25,12,48,65,0,12,5,5,52,182,369,0
Ulanga DC,1400,215,0,0,0,7,0,0,135,16,4,0,0,68,16,0,468,191,0,0,24,0,45,22,169,2,0,23,0,10,0,0,0,3030,4055,51,16,20,0,0,2245,200,0,0,0,0,0,0,35,0,2,199,164,113,0,2847,1516,3,8,4,0,0,0,82,24,101,0,0,0,344,522,51,11,29,263,473,0,2,2,0,263,1577,1579,0
Masasi DC,51,2,0,0,0,0,0,105,7,3,0,0,0,0,12,0,0,2,0,2,0,0,0,0,50,0,0,2,0,7,0,56,0,431,76,0,1,1,0,0,62,1,281,0,1,0,0,0,0,2,0,0,96,1,0,138,97,0,2,0,0,0,0,5,0,0,0,0,0,0,101,0,0,2,6,0,0,4,0,6,0,1,12,0
Masasi TC,188,3,0,0,0,0,0,262,20,11,0,0,0,0,6,3,0,6,0,0,0,0,62,12,2,15,0,0,0,1,0,169,0,1107,53,0,2,1,0,0,102,12,217,0,0,0,0,0,3,0,6,0,378,0,0,108,133,11,5,0,0,0,0,0,0,5,0,0,0,0,380,0,0,5,87,0,0,19,1,8,1,67,81,0
Mtwara DC,25,0,0,0,0,0,0,2,4,0,0,0,0,0,0,0,19,2,0,0,0,0,3,0,11,0,0,0,0,0,0,0,1,375,54,1,0,0,0,0,11,0,1,0,0,0,0,0,0,0,0,6,7,0,0,20,28,0,0,0,0,0,0,0,0,3,0,0,0,0,4,0,0,0,0,0,0,0,0,0,3,2,2,0
Mtwara MC,59,0,0,0,0,0,0,68,2,35,5,0,0,0,0,1,13,2,0,0,0,0,0,7,0,0,0,0,0,0,0,0,0,801,65,0,9,3,0,0,74,3,32,0,0,0,0,44,0,0,0,0,194,0,0,47,95,9,0,0,0,0,0,0,0,7,0,0,0,1,224,0,0,0,1,0,0,0,0,6,0,15,20,0
Nanyamba TC,54,0,0,0,0,0,0,0,0,60,0,0,0,0,0,0,0,0,0,1,0,0,0,0,0,0,0,3,0,6,0,0,0,205,0,31,1,0,0,0,28,1,0,0,0,0,0,0,0,0,0,0,26,0,0,9,0,2,0,0,0,0,0,0,0,0,0,0,0,0,2,0,0,0,0,0,0,1,0,0,0,0,34,0
Nanyumbu DC,51,0,0,0,0,0,0,0,2,9,0,0,0,0,0,0,19,1,0,0,1,0,1,0,7,0,0,0,0,1,0,2,0,460,86,0,0,0,0,0,35,1,2,0,0,0,0,0,5,2,0,2,32,0,0,58,38,8,1,1,0,0,0,0,0,1,0,0,0,0,91,0,0,1,0,0,0,1,0,0,1,0,11,0
Newala DC,79,1,0,0,0,0,0,0,0,0,0,0,0,1,0,0,13,1,0,2,0,0,1,0,44,0,0,0,0,0,0,0,0,199,83,0,0,0,0,0,17,0,0,0,0,0,0,0,0,0,0,0,6,0,0,147,1,1,0,0,0,0,0,0,0,3,0,0,0,4,5,0,0,6,0,0,0,1,0,0,0,11,24,0
Newala TC,153,2,0,0,0,1,0,0,2,13,0,0,0,0,5,0,10,0,0,0,0,0,0,17,14,0,0,0,0,4,0,0,0,788,454,0,4,0,0,0,88,1,0,0,0,1,0,0,1,0,0,6,62,0,0,174,74,4,0,1,0,0,0,0,0,9,0,0,0,0,73,0,0,0,0,0,0,2,0,0,0,15,75,0
Tandahimba DC,274,1,1,0,0,3,0,155,3,2,0,0,0,0,1,2,186,39,0,1,0,0,0,11,63,0,0,0,0,0,0,67,0,1713,1271,0,1,0,0,0,118,5,86,0,0,0,0,0,1,4,5,0,135,0,0,151,205,11,11,3,0,0,0,5,0,0,0,0,0,23,335,1,0,0,9,0,0,1,0,4,5,86,61,0
Buchosa DC,104,2,0,0,0,0,0,0,6,5,0,0,0,0,0,0,3,3,0,0,0,0,0,0,8,3,0,1,0,3,0,9,0,583,440,0,3,1,0,0,22,0,0,0,0,0,0,0,3,4,0,2,59,0,3,96,111,8,0,0,3,0,0,1,0,20,0,0,0,2,8,0,1,0,1,1,0,10,0,0,24,24,59,1
Ilemela MC,403,35,7,0,0,9,0,8,21,44,0,0,0,53,0,3,35,8,0,0,38,0,53,13,83,8,0,0,0,0,0,5,0,1392,256,28,9,1,0,0,148,10,20,0,0,1,0,1,0,32,0,18,157,1,0,306,138,14,4,8,0,0,13,11,0,30,0,0,0,25,45,0,7,1,32,15,0,14,36,4,37,85,337,0
Kwimba DC,416,3,27,1,0,1,0,0,25,13,4,0,0,0,0,0,22,28,0,5,0,0,1,10,7,0,0,7,0,25,0,0,0,2423,742,0,29,22,0,0,155,45,7,1,0,1,0,0,0,16,2,6,202,2,0,153,295,7,0,0,0,2,0,0,0,7,0,0,0,1,1031,0,58,1,8,9,0,3,2,9,4,77,186,0
Magu DC,302,1,0,0,0,1,0,34,7,44,0,0,0,0,11,0,5,2,0,1,1,0,0,9,40,0,0,0,0,2,0,51,0,1724,459,0,11,13,0,0,25,15,45,1,0,3,0,0,1,3,0,0,120,1,0,166,256,10,0,3,0,0,0,0,0,12,0,0,0,0,350,0,16,1,14,0,0,4,0,4,0,53,119,0
Misungwi DC,368,1,0,0,0,3,0,18,1,16,1,0,0,3,0,1,63,7,0,5,0,0,17,1,27,0,0,6,0,14,0,22,0,2732,72,0,4,5,0,0,308,12,13,0,0,1,0,1,0,6,0,3,112,0,0,262,114,11,1,0,1,0,0,2,0,6,0,0,0,3,655,5,23,2,22,19,0,8,1,2,72,115,239,0
Nyamagana MC,981,8,2,0,0,11,0,137,48,252,31,0,0,0,35,9,11,14,0,16,10,0,2,11,257,120,0,51,0,18,0,105,0,3344,531,0,97,13,0,0,213,29,370,1,0,35,0,0,27,3,8,4,1720,7,0,1246,889,47,0,0,0,0,0,15,0,28,0,0,0,2,380,0,72,17,7,44,0,45,0,14,46,476,1275,0
Sengerema DC,517,0,0,0,0,0,0,90,6,67,3,0,0,2,42,1,12,23,0,1,5,0,18,13,19,5,0,6,0,40,0,355,0,2788,73,0,35,60,0,0,1,37,41,0,13,7,0,0,0,3,16,4,81,0,0,143,709,4,0,4,0,6,0,15,1,20,0,0,0,0,1580,0,22,27,39,18,0,1,3,4,27,22,73,0
Ukerewe DC,978,0,1,1,0,2,0,2,13,37,1,0,0,0,6,1,74,7,0,0,0,0,0,2,51,2,0,0,0,13,0,5,0,2041,427,0,9,8,0,0,252,31,5,0,0,25,0,2,0,6,3,3,133,0,0,447,138,27,0,1,0,0,0,35,0,22,0,0,0,7,245,0,3,3,7,6,0,3,3,0,23,53,419,0
Ludewa DC,482,12,2,0,0,0,0,21,59,26,0,0,0,0,4,12,17,12,0,4,0,0,6,9,80,0,0,3,0,6,0,30,0,552,561,0,6,4,0,0,133,18,93,0,0,3,0,1,2,4,1,109,261,70,0,602,121,12,0,3,0,1,0,5,0,22,0,0,0,57,7,1,4,7,16,17,0,11,1,3,151,148,31,0
Makambako TC,262,4,0,0,0,4,0,4,7,108,1,0,0,1,0,0,0,4,0,7,1,0,0,16,83,0,0,0,0,2,0,2,0,67,4,0,4,4,0,0,44,19,7,0,0,0,0,0,0,0,0,2,357,0,0,409,148,18,1,9,0,0,0,0,0,7,0,0,0,1,11,0,0,1,0,0,0,33,0,0,11,65,147,0
Makete DC,266,2,0,0,0,0,0,0,5,33,2,0,0,0,23,3,23,16,0,13,8,0,2,107,45,2,0,15,0,9,0,2,0,196,32,0,17,1,0,0,79,10,2,0,2,7,0,0,3,2,84,2,178,14,0,654,150,24,0,0,0,1,0,12,1,8,0,0,0,8,45,3,1,2,7,1,0,9,0,11,103,60,45,0
Njombe DC,6,0,0,0,0,0,0,0,5,2,0,0,0,0,0,0,0,2,0,0,0,0,1,0,4,0,0,0,0,0,0,0,0,6,5,0,3,0,0,0,0,0,0,0,0,0,0,0,0,0,0,0,9,0,0,20,13,0,0,0,0,0,0,0,0,1,0,0,0,0,0,0,0,0,1,0,0,0,0,0,0,2,3,0
Njombe TC,480,1,0,0,0,2,0,0,17,75,2,0,0,0,0,4,19,4,0,1,10,0,3,17,117,17,0,0,0,7,0,0,0,308,113,0,22,11,0,0,72,9,2,0,0,4,0,0,11,5,1,22,456,9,0,1066,169,14,1,2,0,1,0,11,2,17,0,0,0,8,5,4,1,4,20,0,0,1,0,12,66,150,108,0
Wanging'ombe DC,137,3,0,0,0,1,0,17,1,26,1,0,0,0,0,0,43,2,0,3,9,0,7,17,59,2,0,0,0,11,0,38,0,104,200,0,1,4,0,0,22,3,9,0,0,0,0,1,0,7,1,8,118,0,0,309,25,1,0,3,0,0,0,3,1,3,0,0,0,0,5,0,0,2,10,0,0,0,0,4,0,87,73,0
Bagamoyo DC,101,0,0,0,0,0,0,52,40,43,0,0,0,0,4,0,3,0,0,0,0,0,0,15,0,0,0,0,0,15,0,83,0,426,159,0,1,10,0,0,114,5,187,0,0,0,0,0,0,2,0,0,27,0,0,145,185,12,3,6,0,1,0,0,0,0,0,0,0,0,97,0,10,2,11,0,0,12,0,2,5,8,2,0
Chalinze DC,34,0,0,0,0,1,0,6,1,14,0,0,0,0,0,3,3,12,0,0,0,0,62,0,13,0,0,5,0,2,0,0,0,576,261,0,0,2,0,0,63,1,13,0,0,0,0,1,0,1,0,5,29,0,0,113,74,3,0,0,0,0,0,0,0,12,0,0,0,0,51,0,0,10,1,0,0,0,0,0,0,31,72,0
Kibaha DC,8,0,0,0,0,0,0,23,6,36,0,0,0,0,0,2,6,0,0,0,0,0,0,0,0,0,0,0,0,0,0,36,0,180,6,0,0,0,0,0,12,0,148,0,0,0,0,0,0,0,0,0,12,3,0,37,49,1,0,0,0,0,0,9,0,0,0,0,0,0,17,0,2,0,1,0,0,0,0,0,0,7,49,0
Kibaha TC,147,0,0,2,0,8,0,104,31,52,5,0,0,26,16,11,39,9,0,2,0,0,101,70,11,84,0,2,0,2,0,102,0,1140,236,0,18,19,0,0,153,50,435,2,3,4,0,1,0,20,15,1,766,1,0,168,376,9,0,0,0,2,0,0,1,24,0,0,0,2,542,5,33,5,4,6,0,32,5,6,2,23,116,5
Kibiti DC,68,0,0,0,0,0,0,2,7,15,2,0,0,1,1,0,64,10,0,0,0,0,0,8,0,3,0,0,0,3,0,0,0,756,96,0,0,3,0,0,79,1,29,0,0,0,0,0,0,1,1,0,89,0,0,108,114,10,1,0,0,0,0,0,0,10,0,0,0,0,273,0,3,1,1,0,0,1,0,1,0,8,57,0
Kisarawe DC,112,2,0,0,0,1,0,0,3,39,0,0,0,0,0,0,31,1,0,1,0,0,2,11,11,4,0,0,0,0,0,0,0,698,203,0,0,0,0,0,56,2,0,0,0,0,0,0,0,0,1,0,75,4,0,165,107,7,0,0,0,0,0,4,0,4,0,0,0,0,173,0,2,0,0,1,0,8,0,1,0,4,50,0
Mafia DC,54,2,0,0,0,0,0,14,6,27,0,0,0,0,0,0,6,1,0,0,0,0,0,8,6,2,0,0,0,0,0,40,0,406,0,0,0,3,0,0,35,2,192,0,0,0,0,0,0,0,0,0,88,0,0,91,121,1,0,0,0,0,0,1,0,1,0,0,0,0,46,0,6,0,1,0,0,0,0,0,0,12,21,0
Mkuranga DC,77,2,0,0,0,2,0,48,8,42,0,0,0,0,5,0,58,6,0,0,0,0,0,5,5,0,0,3,0,2,0,276,0,1825,17,16,63,110,0,0,302,606,98,0,0,5,0,2,0,40,1,0,65,1,0,186,216,12,2,2,0,0,0,3,0,11,0,0,0,0,286,0,17,1,14,0,0,64,0,16,0,11,136,0
Rufiji DC,181,0,0,1,0,2,0,1,5,37,3,0,0,0,0,2,3,6,0,1,0,0,0,4,31,6,0,1,0,0,0,1,0,948,240,33,2,1,0,0,114,1,61,0,0,0,0,0,0,2,1,0,115,0,0,267,134,15,1,5,0,0,0,0,0,4,0,0,0,0,162,0,9,0,0,0,0,1,0,4,0,16,57,0
Kalambo DC,92,0,0,2,0,3,0,0,14,20,0,0,0,0,0,0,5,2,0,0,1,0,0,2,8,2,0,1,0,0,0,2,0,221,27,23,3,1,0,0,20,3,0,0,0,4,0,0,1,0,0,1,54,8,0,61,18,2,0,1,0,0,0,0,0,9,0,0,0,0,11,0,0,1,1,0,0,0,0,1,0,19,36,0
Nkasi DC,587,0,32,0,0,12,0,4,8,25,1,0,0,0,0,3,35,7,0,1,0,0,4,3,105,14,0,1,0,16,0,0,1,2020,787,0,12,6,0,0,260,11,14,1,0,1,0,0,1,0,0,0,382,2,0,192,175,3,2,5,0,0,0,18,0,5,0,0,0,6,526,0,3,6,6,37,0,15,1,0,39,78,215,0
Sumbawanga DC,256,2,0,0,0,3,0,0,0,17,0,0,0,0,0,0,7,0,0,1,0,0,7,1,17,3,0,2,0,1,0,0,0,228,105,0,1,0,0,0,24,7,2,0,0,3,0,0,9,2,0,0,55,2,0,90,55,3,0,2,0,0,0,0,0,6,0,0,0,0,13,0,0,0,3,1,0,0,0,0,5,25,3,0
Sumbawanga MC,267,2,0,0,0,4,0,12,16,80,2,0,0,3,7,1,74,24,0,2,0,0,7,111,37,0,0,0,0,8,0,97,0,718,402,0,38,13,0,0,101,39,7,0,0,2,0,0,1,7,6,5,210,16,0,257,114,12,1,1,4,1,0,0,0,20,0,0,0,3,143,0,26,11,6,0,0,38,0,1,26,23,81,0
Madaba DC,28,0,0,0,0,0,0,0,2,5,4,0,0,0,0,0,0,0,0,0,0,0,0,0,0,1,0,0,0,0,0,0,0,49,61,2,0,0,0,0,3,0,0,0,0,0,0,0,0,0,0,0,33,0,0,42,10,4,0,1,0,0,0,0,0,0,0,0,0,0,1,0,0,0,0,0,0,0,1,0,0,0,0,0
Mbinga DC,533,2,3,0,0,3,1,0,12,35,0,0,0,4,1,2,124,15,0,2,3,0,0,28,126,6,0,6,0,6,0,0,0,2021,567,0,2,3,0,0,114,0,9,0,0,1,0,1,3,1,3,1,441,19,0,767,272,15,0,5,0,0,0,6,0,38,0,0,0,4,66,36,0,1,8,6,0,20,11,0,44,208,18,0
Mbinga TC,244,5,0,1,0,3,1,0,6,59,0,0,0,0,0,1,54,1,0,1,0,0,2,21,160,0,0,0,0,2,0,0,0,674,368,0,0,1,0,0,47,8,0,0,1,0,0,2,2,0,0,0,166,0,0,330,247,20,0,8,0,3,0,0,0,12,0,0,0,0,84,0,0,2,19,1,0,46,5,0,23,168,124,0
Namtumbo DC,107,0,23,0,0,0,0,2,6,3,0,0,0,0,0,0,2,4,0,1,0,0,0,0,14,0,0,2,0,1,0,1,0,637,399,0,0,1,0,0,53,0,0,0,0,1,0,1,0,2,0,2,79,5,0,148,50,2,0,0,0,0,0,12,0,2,0,0,0,0,37,0,0,0,0,6,0,1,0,0,31,34,20,0
Nyasa DC,257,0,38,0,0,0,0,11,14,7,1,0,0,1,0,2,5,27,0,0,3,0,1,6,21,8,0,6,0,1,0,5,0,1408,552,232,2,0,0,0,173,3,0,1,0,1,0,1,3,5,1,2,77,3,0,272,30,7,8,2,0,0,0,4,1,7,0,0,0,10,62,1,0,2,14,2,0,3,3,0,81,77,27,0
Songea DC,999,7,0,0,0,0,0,53,76,19,10,0,0,1,0,9,0,35,0,21,0,0,0,47,2,0,0,0,0,12,0,72,0,3571,251,0,4,0,0,0,172,22,31,0,10,8,0,0,0,0,3,16,2153,9,0,622,266,1,0,0,0,0,0,1,0,0,0,0,0,9,31,0,6,0,3,0,0,68,0,21,0,207,86,4
Songea MC,421,2,2,0,0,6,0,612,20,62,1,0,0,6,10,1,37,21,0,5,6,0,9,45,59,0,0,0,0,5,0,279,0,1999,527,0,0,3,0,0,303,27,29,0,0,5,0,0,1,7,3,3,211,0,0,655,365,64,4,0,0,0,0,10,0,41,0,0,0,35,162,0,1,2,19,7,0,5,0,12,0,74,138,0
Tunduru DC,126,4,0,0,0,0,0,84,8,7,0,0,0,1,3,0,29,18,0,1,4,0,3,21,273,0,0,18,0,4,0,206,3,2190,615,0,4,2,0,0,198,5,13,1,1,0,0,1,0,2,1,8,277,1,0,185,231,6,0,1,0,0,0,2,0,9,0,0,0,73,594,0,34,0,7,8,0,0,5,1,4,62,56,0
Kahama TC,680,0,0,1,0,1,0,265,2,95,0,0,0,1,22,0,16,5,0,2,0,0,6,31,46,0,0,3,0,9,0,164,0,3469,886,0,61,50,0,0,1770,8,139,0,0,0,0,0,4,56,0,2,246,0,0,675,471,12,0,0,0,0,0,2,0,1,0,0,0,10,1045,0,43,6,9,0,0,0,3,2,0,75,180,0
Kishapu DC,71,0,0,0,0,0,0,0,4,3,0,0,0,2,0,0,5,4,0,0,0,0,0,7,2,3,0,8,0,3,0,0,0,385,248,0,1,0,0,0,55,2,0,0,0,0,0,0,0,2,0,9,26,7,0,31,28,0,0,0,0,0,0,9,0,0,0,0,0,10,32,0,6,0,0,0,0,2,7,1,5,9,36,0
Msalala DC,80,34,0,0,0,0,0,1,14,10,1,0,0,0,0,0,11,4,0,0,0,0,0,1,12,17,0,1,0,0,0,0,0,825,609,0,1,1,0,0,32,7,5,0,0,0,0,0,0,1,1,0,123,0,0,153,74,1,0,0,0,0,0,0,0,5,0,0,0,0,33,0,0,1,0,0,0,1,7,1,28,54,74,0
Shinyanga DC,142,0,0,0,0,1,0,1,3,5,0,0,0,0,0,0,1,3,0,1,3,0,0,0,3,0,0,1,0,2,0,3,0,877,44,0,3,5,0,0,161,34,2,1,0,0,0,0,0,14,0,0,32,0,0,159,70,8,0,0,0,0,0,0,0,6,0,0,0,0,43,0,4,13,5,12,0,12,2,4,10,78,56,0
Shinyanga MC,502,0,0,0,0,11,0,0,5,50,2,0,0,0,36,7,46,4,0,7,183,0,90,69,2,15,0,3,0,31,0,18,0,1610,367,0,22,31,0,0,428,36,2,0,0,34,0,0,0,4,27,0,725,10,0,264,152,21,4,1,0,0,0,154,0,9,0,0,0,0,426,0,31,25,44,45,0,18,0,2,24,283,436,0
Ushetu DC,156,7,0,1,0,0,0,0,44,7,0,0,0,3,2,0,47,1,0,0,3,0,11,0,25,0,0,3,0,5,0,0,0,992,278,0,8,1,0,0,109,5,1,0,0,1,0,0,0,0,1,0,67,0,0,246,129,2,4,0,0,2,0,36,4,0,0,0,0,0,276,0,4,1,6,9,0,12,0,0,9,57,36,0
Bariadi DC,215,0,0,3,0,2,0,20,19,5,0,0,0,0,0,0,29,6,0,0,0,0,0,0,13,0,0,0,0,40,0,13,0,896,9,0,29,25,0,0,263,65,25,0,0,0,0,0,0,3,0,0,40,0,0,88,33,1,0,0,3,0,0,0,0,0,0,0,0,0,522,0,13,0,0,46,0,0,0,0,1,42,53,0
Bariadi TC,322,0,0,0,0,0,0,0,2,21,2,0,0,0,5,0,13,39,0,1,3,0,23,11,24,0,0,1,0,5,0,0,0,1221,541,0,27,3,0,0,244,7,0,30,0,1,0,0,2,0,0,2,555,2,0,221,224,6,0,0,0,0,0,10,2,1,0,0,0,20,339,3,15,4,4,3,0,12,0,9,3,70,145,129
Busega DC,155,0,0,0,0,0,0,0,8,3,0,0,0,0,4,3,2,22,0,6,0,0,0,0,12,2,0,0,0,10,0,7,0,576,464,0,4,14,0,0,180,4,3,0,0,0,0,0,2,4,1,4,53,0,0,119,76,1,0,1,0,0,0,0,0,29,0,0,0,0,587,0,16,5,0,0,0,2,0,3,0,17,44,0
Itilima DC,17,0,0,0,0,0,0,0,3,0,0,0,0,0,0,0,0,4,0,0,0,0,0,0,0,0,0,0,0,0,0,1,0,207,32,0,0,0,0,0,10,0,1,1,0,0,0,0,0,0,0,0,24,1,0,58,15,2,0,0,0,0,0,1,0,0,0,0,0,0,2,0,0,1,1,0,0,0,0,0,2,6,12,0
Maswa DC,533,6,1,0,0,1,0,37,5,24,12,0,0,0,2,2,16,17,0,48,1,0,1,18,1,0,0,15,0,7,0,53,0,1794,10,0,21,24,0,0,728,2,21,0,0,0,0,0,28,0,0,8,299,0,0,36,521,10,0,0,0,0,0,1,0,13,0,0,0,0,1013,1,10,1,1,4,0,26,3,22,1,40,268,0
Meatu DC,528,19,0,0,0,0,0,27,5,36,0,0,0,1,0,1,40,17,0,0,97,0,14,0,2,0,0,0,0,5,0,19,0,412,144,0,26,0,0,0,168,42,16,0,0,0,0,0,0,0,0,0,28,0,0,183,81,5,488,0,0,0,0,0,0,2,0,0,0,0,142,0,25,0,31,0,0,46,15,0,26,8,138,1
Ikungi DC,372,4,0,0,0,3,0,14,8,34,2,0,0,1,6,0,21,19,0,6,1,0,1,47,22,0,0,0,0,20,0,12,0,366,456,0,6,19,0,0,123,14,25,0,0,1,0,1,1,0,1,1,301,2,0,571,178,30,1,0,0,0,0,0,1,7,0,0,0,1,70,0,33,5,36,9,0,3,0,10,26,67,89,0
Iramba DC,77,0,1,0,0,5,0,14,2,19,0,0,0,0,0,0,4,1,0,2,0,0,1,18,105,3,0,1,0,0,0,18,0,136,193,0,2,5,0,0,27,2,72,0,0,2,0,0,6,0,2,6,159,39,0,114,40,14,0,3,0,0,0,6,0,4,0,0,0,20,11,0,5,2,1,0,0,2,0,0,2,40,18,0
Itigi DC,26,0,0,1,0,8,0,5,12,29,0,0,0,0,0,3,0,2,0,4,0,0,2,19,97,0,0,5,0,2,0,21,0,879,20,0,6,6,0,0,67,4,30,1,0,4,0,1,4,0,6,11,136,6,0,166,46,8,0,1,1,0,0,0,1,3,0,0,0,0,265,0,12,2,7,0,0,0,5,0,4,54,14,0
Manyoni DC,447,1,0,3,0,3,5,0,13,35,1,0,0,0,0,6,31,39,0,9,2,0,0,13,240,3,0,1,0,2,0,5,0,449,307,0,23,13,0,0,185,5,9,0,0,0,0,2,2,1,0,1,81,1,0,373,104,12,0,3,8,1,0,4,0,8,0,0,0,0,177,0,13,4,2,2,0,15,9,17,32,55,110,1
Mkalama DC,356,0,0,0,0,2,0,0,2,15,0,0,0,0,1,0,12,9,0,1,0,0,1,7,13,0,0,0,0,0,0,0,0,385,11,0,2,3,0,0,22,3,0,0,0,0,0,0,0,1,1,0,263,1,0,199,44,4,0,0,0,0,0,0,1,1,0,0,0,0,23,0,9,0,2,9,0,0,1,3,14,39,24,0
Singida DC,703,0,0,0,0,0,0,6,5,2,2,0,0,0,2,0,22,17,0,1,5,0,2,12,51,22,0,0,0,1,0,28,0,139,337,0,11,11,0,0,34,2,30,0,0,2,0,1,5,6,0,0,169,0,0,655,131,7,0,4,0,0,0,6,3,16,0,0,0,0,28,0,10,5,17,2,0,5,1,3,5,140,70,0
Singida MC,465,2,0,0,0,0,0,5,3,54,0,0,0,0,3,0,87,11,0,2,0,0,4,7,80,0,0,0,0,8,0,3,0,305,236,0,76,39,0,0,136,23,96,0,0,2,0,1,2,1,1,3,163,4,0,410,247,17,1,1,0,0,0,14,0,18,0,0,0,0,99,0,21,2,12,4,0,28,0,2,39,31,47,0
Ileje DC,100,7,0,0,0,1,0,0,6,15,0,0,0,1,0,1,10,16,0,4,3,0,5,8,43,0,0,0,0,6,0,0,0,600,46,0,3,8,0,0,7,17,0,0,1,0,0,2,0,0,0,1,80,0,0,503,99,8,0,0,0,0,0,0,0,1,0,0,0,0,6,0,0,2,16,1,0,0,0,1,15,136,69,0
Mbozi DC,671,1,0,0,0,1,0,124,42,79,5,0,0,2,3,3,33,73,0,13,2,0,4,48,170,0,0,7,0,41,0,258,1,182,203,0,34,47,0,0,60,48,26,0,2,5,0,0,3,4,1,7,517,1,0,1039,613,29,0,0,0,0,0,1,2,34,0,0,0,0,88,1,5,11,7,0,0,25,0,3,215,142,116,1
Momba DC,544,7,0,0,0,11,0,1,0,13,4,0,0,2,0,1,90,2,0,2,0,0,31,5,253,0,0,0,0,46,0,0,0,451,31,0,22,42,0,0,51,135,6,0,0,0,0,0,12,0,0,0,20,0,0,252,135,2,7,4,0,0,0,0,0,1,0,0,0,63,38,0,1,1,99,1,0,53,0,0,0,36,44,0
Songwe DC,320,15,0,0,0,6,0,0,2,29,4,0,0,0,0,0,31,21,0,2,0,0,4,2,71,0,0,10,0,1,0,1,0,420,196,0,3,3,0,0,17,9,16,0,0,5,0,0,0,3,1,33,99,5,0,581,70,19,0,2,0,0,0,12,0,7,0,0,0,12,39,0,3,3,34,0,0,6,0,17,0,159,25,0
Tunduma TC,190,0,0,0,0,0,0,1,2,33,0,0,0,0,5,0,21,12,0,1,0,0,0,0,32,0,0,0,0,1,0,1,0,245,234,0,1,0,0,0,11,0,0,0,0,0,0,0,5,0,0,0,138,2,0,152,16,12,0,6,0,0,0,0,0,41,0,0,0,0,1,0,0,1,0,34,0,0,0,0,6,5,3,0
Igunga DC,228,1,0,2,0,8,0,30,30,47,0,0,0,1,6,5,56,15,0,1,1,0,0,43,171,0,0,0,0,14,0,78,0,1252,2108,0,41,82,0,0,270,53,72,1,1,1,0,0,0,7,4,1,274,1,0,622,375,14,0,4,0,1,0,0,1,6,0,0,0,2,242,0,51,8,14,2,0,21,0,14,62,135,349,0
Kaliua DC,164,0,0,0,0,2,0,2,0,28,0,0,0,0,0,0,3,0,0,63,0,0,0,0,11,0,0,0,0,1,0,1,0,886,83,0,6,2,0,0,158,2,23,0,0,0,0,0,0,5,0,0,65,2,0,43,26,7,0,0,0,0,0,4,0,7,0,0,0,4,374,0,1,1,1,2,0,13,2,0,0,3,30,0
Nzega DC,608,6,0,0,0,0,0,52,9,26,0,0,0,0,1,0,68,5,0,1,0,0,3,16,14,0,0,15,0,4,0,35,0,4004,293,0,0,7,0,0,748,36,119,0,0,4,0,0,0,12,0,2,99,3,0,506,177,11,9,4,0,0,0,25,0,16,0,0,0,128,1164,0,36,0,8,0,0,36,8,3,8,120,183,0
Nzega TC,61,0,0,2,0,0,0,0,8,2,0,0,0,0,0,0,27,25,0,0,0,0,0,0,0,0,0,0,0,0,0,0,0,453,66,0,0,0,0,0,20,1,0,0,0,0,0,0,0,0,0,13,0,0,0,51,3,0,0,0,0,0,0,27,0,1,0,0,0,0,2,0,1,0,0,0,0,0,0,0,2,0,8,0
Sikonge DC,202,1,0,2,0,0,0,0,3,27,2,0,0,0,0,1,37,6,0,0,0,0,4,3,7,35,0,3,0,0,0,0,0,1581,482,24,0,0,0,0,51,3,9,2,0,2,0,0,0,1,1,0,66,0,0,174,135,1,0,0,2,0,0,0,0,4,0,0,0,9,576,0,7,0,7,0,0,5,0,3,19,36,40,0
Tabora MC,374,8,0,0,0,1,0,8,15,58,0,0,0,0,0,22,6,3,0,2,2,0,0,14,16,4,0,12,0,1,0,8,0,3318,258,0,1,3,0,0,495,48,28,3,10,2,0,4,4,0,0,0,207,9,0,556,399,2,0,1,0,0,0,8,0,61,0,0,0,39,214,0,59,14,23,41,0,36,0,4,6,306,172,0
Urambo DC,73,0,3,0,0,1,0,1,5,0,0,0,0,0,0,4,64,3,0,1,0,0,1,5,7,5,0,2,0,16,0,0,0,1278,574,0,15,2,0,0,183,1,1,0,0,0,0,0,1,8,1,0,129,2,0,184,100,2,2,0,0,1,0,3,0,9,0,0,0,60,196,0,9,0,5,0,0,6,2,2,0,14,20,0
Uyui DC,19,0,0,0,0,0,0,0,0,2,0,0,0,0,0,0,0,0,0,0,0,0,0,0,0,0,0,0,0,0,0,0,0,297,22,15,0,0,0,0,0,0,0,0,0,0,0,0,0,0,0,0,1,0,0,23,1,0,0,0,0,0,2,0,0,1,0,0,0,0,0,0,0,0,0,0,0,0,0,0,0,9,1,0
Bumbuli DC,211,10,0,0,0,0,0,0,46,63,0,0,0,0,0,0,0,2,0,0,8,0,11,55,3,0,0,0,0,1,0,0,0,404,90,0,0,1,0,0,91,0,0,0,0,0,0,0,0,0,0,0,132,0,0,565,347,0,0,0,0,0,0,0,0,12,0,0,0,0,16,0,0,14,21,0,0,39,0,0,0,93,143,0
Handeni DC,740,7,0,0,0,1,0,9,12,53,0,0,0,1,4,0,7,9,0,2,3,0,27,29,92,0,0,7,0,11,0,65,0,2658,465,0,27,26,0,0,280,21,45,1,0,4,0,2,5,3,1,0,274,0,0,726,404,7,0,8,0,0,0,17,2,19,0,0,0,0,395,0,4,31,23,20,0,9,0,2,13,103,289,0
Handeni TC,17,0,0,0,0,0,0,0,3,0,0,0,0,0,0,0,0,1,0,0,0,0,1,0,8,0,0,0,0,0,0,0,0,378,26,0,0,0,0,0,1,0,0,0,0,1,0,0,0,0,0,0,7,0,0,43,136,1,0,0,0,0,0,7,0,0,0,0,0,0,0,0,0,0,1,1,0,0,0,0,0,15,5,0
Kilindi DC,115,5,0,0,0,12,0,2,16,19,1,0,0,0,1,1,22,37,0,1,2,0,31,19,26,2,0,1,0,2,0,3,0,917,269,83,2,3,0,0,152,13,22,0,0,1,0,4,0,0,0,2,162,3,0,304,232,5,0,0,0,0,0,1,0,9,0,0,0,0,251,0,1,0,0,23,0,1,1,0,60,173,78,0
Korogwe DC,125,3,819,0,0,2,0,2,22,55,7,0,0,0,1,6,168,3,0,2,2,0,0,18,253,4,0,26,0,10,0,2,0,1578,231,0,10,1,0,0,110,3,21,0,0,20,0,1,7,2,0,9,471,14,0,473,205,49,50,1,0,1,0,0,2,27,0,0,0,26,329,7,9,5,2,7,0,32,19,21,153,34,150,0
Korogwe TC,176,1,0,0,0,0,0,0,9,8,0,0,0,0,0,0,0,65,0,0,2,0,1,0,10,0,0,0,0,0,0,0,0,874,89,0,1,1,0,0,106,0,33,0,5,5,0,1,0,2,0,0,185,5,0,227,359,4,0,0,0,0,0,0,0,0,0,0,0,0,31,0,2,0,3,10,0,3,0,0,0,21,292,11
Lushoto DC,187,19,0,3,0,2,0,3,21,34,29,0,0,16,0,3,20,0,0,1,1,0,16,24,24,6,0,20,0,15,0,0,0,323,81,0,9,10,0,0,42,16,14,0,0,5,0,3,18,7,0,38,259,15,0,402,437,3,0,2,0,0,0,19,0,26,0,0,0,4,15,0,1,5,6,2,0,15,0,0,0,87,71,2
Mkinga DC,74,5,0,0,0,2,0,0,17,17,0,0,0,0,0,0,60,34,0,0,0,0,7,0,4,7,0,6,0,14,0,3,0,1382,25,0,1,2,0,0,45,0,57,0,0,0,0,0,0,0,4,0,73,1,0,464,69,7,0,6,0,0,0,0,0,0,0,0,0,0,5,0,2,0,14,0,0,2,0,0,0,1,33,0
Muheza DC,439,66,0,0,0,0,0,0,13,163,6,0,0,8,2,35,0,0,0,1,0,0,0,106,4,111,0,0,0,119,0,104,0,1116,42,0,82,109,0,0,237,164,127,0,0,0,0,14,0,0,2,0,753,0,0,837,1180,107,0,3,0,0,0,60,0,7,0,0,0,0,809,7,37,5,175,0,0,0,2,7,0,1874,803,1
Pangani DC,186,2,0,0,0,0,0,1,25,29,0,0,0,0,3,1,2,51,0,0,0,0,0,3,15,33,0,0,0,3,0,4,0,487,153,0,1,2,0,0,42,7,25,0,0,0,0,0,0,2,0,0,102,0,0,109,219,10,0,1,0,0,0,32,1,3,0,0,0,0,41,0,0,3,8,0,0,2,0,0,0,28,136,0
Tanga CC,301,1,2,0,0,0,0,226,12,54,12,0,0,1,37,0,1,4,0,2,0,0,1,85,8,100,0,0,0,5,0,708,0,590,2,0,12,11,0,0,17,68,758,0,0,1,0,0,1,2,2,3,213,0,0,161,299,5,0,0,0,3,0,4,0,26,0,0,0,0,152,0,12,0,2,0,0,86,0,1,14,15,59,0
